{
    "trotter_sim_results": [
        0.999999999999999,
        0.9768443411931095,
        0.9099599712400289,
        0.8065341124062996,
        0.6768819055575493,
        0.5325587710740433,
        0.38461398477114334,
        0.24235471465446043,
        0.1127224936815283,
        0.00018017639511638817,
        -0.09307179222943701,
        -0.16671274621075483,
        -0.22186138611164294,
        -0.26063987600085586,
        -0.28577837380562027,
        -0.3002815510085198,
        -0.30716627243908506,
        -0.3092657675268741,
        -0.30908289295490166,
        -0.3086680334663139,
        -0.30949939616867567,
        -0.3123563369408875,
        -0.3171985594308337,
        -0.3230903338495829,
        -0.32822906326542556,
        -0.3301372430356242,
        -0.3260433396499417,
        -0.3134098901419111,
        -0.2904883750607361,
        -0.25673365342274773,
        -0.21293867485449983,
        -0.16105856021663753,
        -0.10382887557661359,
        -0.04435764473807732,
        0.014172691920976135,
        0.06868679142810637,
        0.11638416114171292,
        0.15499181264744294,
        0.18308841142827922,
        0.20036745890037735,
        0.2076856948549066
    ],
    "trotter_sim_cnots": [
        0,
        10,
        20,
        30,
        40,
        50,
        60,
        70,
        80,
        90,
        100,
        110,
        120,
        130,
        140,
        150,
        160,
        170,
        180,
        190,
        200,
        210,
        220,
        230,
        240,
        250,
        260,
        270,
        280,
        290,
        300,
        310,
        320,
        330,
        340,
        350,
        360,
        370,
        380,
        390,
        400
    ],
    "trotter_aer_sim_results": [
        1.0,
        0.9778645833333334,
        0.9104817708333334,
        0.8033854166666666,
        0.6884765625,
        0.5442708333333334,
        0.3971354166666667,
        0.23307291666666666,
        0.09375,
        -0.0244140625,
        -0.07291666666666667,
        -0.16634114583333334,
        -0.2275390625,
        -0.2825520833333333,
        -0.2727864583333333,
        -0.2962239583333333,
        -0.3001302083333333,
        -0.330078125,
        -0.3173828125,
        -0.3069661458333333,
        -0.3102213541666667,
        -0.3356119791666667,
        -0.3147786458333333,
        -0.3141276041666667,
        -0.3346354166666667,
        -0.3333333333333333,
        -0.3277994791666667,
        -0.3024088541666667,
        -0.28125,
        -0.24609375,
        -0.20279947916666666,
        -0.14225260416666666,
        -0.09700520833333333,
        -0.027994791666666668,
        -0.0003255208333333333,
        0.058268229166666664,
        0.130859375,
        0.17447916666666666,
        0.18196614583333334,
        0.2197265625,
        0.20865885416666666
    ],
    "trotter_aer_sim_cnots": [
        0,
        10,
        20,
        30,
        40,
        50,
        60,
        70,
        80,
        90,
        100,
        110,
        120,
        130,
        140,
        150,
        160,
        170,
        180,
        190,
        200,
        210,
        220,
        230,
        240,
        250,
        260,
        270,
        280,
        290,
        300,
        310,
        320,
        330,
        340,
        350,
        360,
        370,
        380,
        390,
        400
    ],
    "trotter_ibm_results": [],
    "trotter_ibm_cnots": [],
    "cd_sim_results": [
        -0.35224947955193975,
        0.033933303977672837,
        -0.07997591356502796,
        -0.012567540682803338,
        -0.16210561654786015,
        0.179482536133689,
        0.7553870214533628,
        0.08039082415337329,
        0.0043150796192706715,
        0.0973697260480712,
        0.045987291049419864,
        0.7092114129456215,
        -0.00285354832161915,
        0.0694800271170488,
        0.023713327707501026,
        -0.02440197634784541,
        0.30921187890948126,
        0.22534829301790552,
        -0.10047974528135313,
        0.9689214350424575,
        0.256361898748799,
        0.2525205721291052,
        0.05796318550563954,
        0.3789904840982024,
        0.11744783812020483,
        0.22118701225739268,
        0.2336689524647814,
        -0.09892871459394063,
        -0.07007737164396172,
        -0.03817652646556308,
        0.16877956940155678,
        0.05998573999668367,
        -0.512340150217658,
        0.5870345817510133,
        -0.08755534136562008,
        0.004234927479533153,
        -0.009221461695089223,
        0.21294169056420506,
        -0.006399344470539803,
        0.45135391595403296,
        0.3699928187495942
    ],
    "cd_sim_cnots": [
        30,
        30,
        30,
        30,
        30,
        30,
        30,
        30,
        30,
        30,
        30,
        30,
        30,
        30,
        30,
        30,
        30,
        30,
        30,
        30,
        30,
        30,
        30,
        30,
        30,
        30,
        30,
        30,
        30,
        30,
        30,
        30,
        30,
        30,
        30,
        30,
        30,
        30,
        30,
        30,
        30
    ],
    "cd_aer_sim_results": [
        -0.3404947916666667,
        -0.012369791666666666,
        -0.08072916666666667,
        0.001953125,
        -0.17805989583333334,
        0.17220052083333334,
        0.7610677083333334,
        0.08528645833333333,
        0.007486979166666667,
        0.09993489583333333,
        0.0419921875,
        0.6842447916666666,
        0.008138020833333334,
        0.08658854166666667,
        0.025390625,
        -0.015625,
        0.3014322916666667,
        0.22428385416666666,
        -0.09830729166666667,
        0.9697265625,
        0.2581380208333333,
        0.2574869791666667,
        0.0556640625,
        0.3642578125,
        0.1220703125,
        0.2158203125,
        0.2353515625,
        -0.107421875,
        -0.06868489583333333,
        -0.047200520833333336,
        0.16569010416666666,
        0.012044270833333334,
        -0.5133463541666666,
        0.5843098958333334,
        -0.13053385416666666,
        0.004231770833333333,
        -0.0048828125,
        0.19173177083333334,
        -0.019856770833333332,
        0.4596354166666667,
        0.3538411458333333
    ],
    "cd_aer_sim_cnots": [
        30,
        30,
        30,
        30,
        30,
        30,
        30,
        30,
        30,
        30,
        30,
        30,
        30,
        30,
        30,
        30,
        30,
        30,
        30,
        30,
        30,
        30,
        30,
        30,
        30,
        30,
        30,
        30,
        30,
        30,
        30,
        30,
        30,
        30,
        30,
        30,
        30,
        30,
        30,
        30,
        30
    ],
    "cd_ibm_results": [],
    "cd_ibm_cnots": []
}