{
    "trotter_sim_results": [
        0.9999999999999993,
        0.9768443411931113,
        0.9099089519431083,
        0.8062536823469524,
        0.676052487837165,
        0.5307715241055597,
        0.38146052151261256,
        0.23751502655835433,
        0.10602104583277216,
        -0.008399892091982109,
        -0.10340899901812788,
        -0.1785866696184162,
        -0.2349963369819646,
        -0.2747431530824357,
        -0.300569040535492,
        -0.3155098624539179,
        -0.3226263851770611,
        -0.3248055629922818,
        -0.3246149138536611,
        -0.3241846289580077,
        -0.32509294523365206,
        -0.32824168898488437,
        -0.333729858908745,
        -0.34075932795146496,
        -0.3476291574763312,
        -0.3518801796084877,
        -0.3506261147056541,
        -0.34104806845883223,
        -0.32095265469313994,
        -0.28923873777181475,
        -0.24612662024124443,
        -0.19309055079182397,
        -0.13256160463656588,
        -0.0675546758626106,
        -0.0013585706709291156,
        0.06267583314119317,
        0.121321141044307,
        0.17172334913217843,
        0.21172435206698897,
        0.24015803175651684,
        0.25698413910126394
    ],
    "trotter_sim_cnots": [
        0,
        8,
        16,
        24,
        32,
        40,
        48,
        56,
        64,
        72,
        80,
        88,
        96,
        104,
        112,
        120,
        128,
        136,
        144,
        152,
        160,
        168,
        176,
        184,
        192,
        200,
        208,
        216,
        224,
        232,
        240,
        248,
        256,
        264,
        272,
        280,
        288,
        296,
        304,
        312,
        320
    ],
    "trotter_aer_sim_results": [
        1.0,
        0.975390625,
        0.915234375,
        0.808203125,
        0.68203125,
        0.541015625,
        0.386328125,
        0.209765625,
        0.103125,
        -0.029296875,
        -0.107421875,
        -0.200390625,
        -0.24140625,
        -0.248046875,
        -0.3046875,
        -0.330078125,
        -0.29765625,
        -0.32578125,
        -0.344921875,
        -0.316015625,
        -0.325,
        -0.3421875,
        -0.33515625,
        -0.340234375,
        -0.320703125,
        -0.3453125,
        -0.33359375,
        -0.37109375,
        -0.3390625,
        -0.28828125,
        -0.2640625,
        -0.196875,
        -0.1078125,
        -0.08203125,
        0.003515625,
        0.051171875,
        0.109765625,
        0.156640625,
        0.208203125,
        0.260546875,
        0.232421875
    ],
    "trotter_aer_sim_cnots": [
        0,
        8,
        16,
        24,
        32,
        40,
        48,
        56,
        64,
        72,
        80,
        88,
        96,
        104,
        112,
        120,
        128,
        136,
        144,
        152,
        160,
        168,
        176,
        184,
        192,
        200,
        208,
        216,
        224,
        232,
        240,
        248,
        256,
        264,
        272,
        280,
        288,
        296,
        304,
        312,
        320
    ],
    "trotter_ibm_results": [],
    "trotter_ibm_cnots": [],
    "cd_sim_results": [
        0.06061254432872561,
        0.0007062770262932005,
        -0.06735189407934494,
        -0.11285670274890991,
        -0.11203347710768034,
        -0.05556053860854922,
        0.008871041291895887,
        0.07715322206827181,
        0.1511539184432195,
        -0.14675405010628886,
        0.323654911459577,
        0.41327731923638195,
        0.4860347993638059,
        0.5324039484888712,
        0.5577981222645584,
        0.5685106809039269,
        0.5663712897642966,
        0.5483982120131435,
        0.49190378736159346,
        0.34930945378218714,
        -0.12070368959138292,
        0.10137403790558279,
        -0.09544011220725876,
        -0.08635138497449138,
        -0.08093518131719246,
        -0.07862793510440484,
        -0.07681983240184868,
        -0.06937086249080764,
        -0.046739647348918,
        -0.008454489468771342,
        0.22798525736180125,
        0.1689232724981739,
        0.09421046921509599,
        0.013969229143290397,
        -0.08759330089724456,
        -0.21244291075372118,
        -0.33461831057537583,
        -0.4186046692776392,
        -0.4413462024962211,
        -0.4044565237189405,
        -0.32582878988538794
    ],
    "cd_sim_cnots": [
        20,
        20,
        20,
        20,
        20,
        20,
        20,
        20,
        20,
        20,
        20,
        20,
        20,
        20,
        20,
        20,
        20,
        20,
        20,
        20,
        20,
        20,
        20,
        20,
        20,
        20,
        20,
        20,
        20,
        20,
        20,
        20,
        20,
        20,
        20,
        20,
        20,
        20,
        20,
        20,
        20
    ],
    "cd_aer_sim_results": [
        0.065625,
        0.008203125,
        -0.08984375,
        -0.101953125,
        -0.1328125,
        -0.072265625,
        0.0109375,
        0.085546875,
        0.144140625,
        -0.102734375,
        0.345703125,
        0.396875,
        0.48671875,
        0.5203125,
        0.551171875,
        0.564453125,
        0.555078125,
        0.551171875,
        0.495703125,
        0.3640625,
        -0.13359375,
        0.1015625,
        -0.108984375,
        -0.089453125,
        -0.087890625,
        -0.084375,
        -0.077734375,
        -0.0625,
        -0.0390625,
        0.004296875,
        0.200390625,
        0.201171875,
        0.10859375,
        0.02734375,
        -0.092578125,
        -0.215625,
        -0.33828125,
        -0.4109375,
        -0.444921875,
        -0.40390625,
        -0.33359375
    ],
    "cd_aer_sim_cnots": [
        20,
        20,
        20,
        20,
        20,
        20,
        20,
        20,
        20,
        20,
        20,
        20,
        20,
        20,
        20,
        20,
        20,
        20,
        20,
        20,
        20,
        20,
        20,
        20,
        20,
        20,
        20,
        20,
        20,
        20,
        20,
        20,
        20,
        20,
        20,
        20,
        20,
        20,
        20,
        20,
        20
    ],
    "cd_ibm_results": [],
    "cd_ibm_cnots": []
}