{
    "trotter_sim_results": [
        1.0,
        0.9846749554845365,
        0.9394043929063526,
        0.8662696324257001,
        0.7686330544225598,
        0.6509835136096392,
        0.5187299633374826,
        0.3779527782418355,
        0.2351242082077548,
        0.0968108158167964,
        -0.030628422244611875,
        -0.14133446998754726,
        -0.23021760208263561,
        -0.2931914046617849,
        -0.327360648741495,
        -0.3311543987620223,
        -0.3043982365595318,
        -0.24832228026447156,
        -0.16550462945624836,
        -0.05975283669076864,
        0.06407114523680534,
        0.2002744922211077,
        0.34259523719507107,
        0.4844901649020961,
        0.6194356370912977,
        0.7412275176572969,
        0.8442664086262072,
        0.923815083225262,
        0.9762162805163307,
        0.9990608484559661,
        0.9912985049823352,
        0.9532861248732702,
        0.8867713323807029,
        0.7948121539722878,
        0.6816364251561678,
        0.5524474151788737,
        0.41318460602683676,
        0.2702506239488666,
        0.13021687785931446,
        -0.00047856206435183585,
        -0.11582695551773821
    ],
    "trotter_sim_cnots": [
        0,
        8,
        16,
        24,
        32,
        40,
        48,
        56,
        64,
        72,
        80,
        88,
        96,
        104,
        112,
        120,
        128,
        136,
        144,
        152,
        160,
        168,
        176,
        184,
        192,
        200,
        208,
        216,
        224,
        232,
        240,
        248,
        256,
        264,
        272,
        280,
        288,
        296,
        304,
        312,
        320
    ],
    "trotter_aer_sim_results": [
        1.0,
        0.9934895833333334,
        0.9388020833333334,
        0.8736979166666666,
        0.76953125,
        0.6705729166666666,
        0.5416666666666666,
        0.3880208333333333,
        0.28125,
        0.11848958333333333,
        -0.033854166666666664,
        -0.13802083333333334,
        -0.23307291666666666,
        -0.29296875,
        -0.3294270833333333,
        -0.3307291666666667,
        -0.2981770833333333,
        -0.2513020833333333,
        -0.15885416666666666,
        -0.061197916666666664,
        0.07552083333333333,
        0.20703125,
        0.3684895833333333,
        0.4388020833333333,
        0.63671875,
        0.7513020833333334,
        0.8619791666666666,
        0.9361979166666666,
        0.9765625,
        1.0,
        0.9895833333333334,
        0.9505208333333334,
        0.8932291666666666,
        0.7981770833333334,
        0.6848958333333334,
        0.5182291666666666,
        0.4140625,
        0.2643229166666667,
        0.11588541666666667,
        0.0013020833333333333,
        -0.140625
    ],
    "trotter_aer_sim_cnots": [
        0,
        8,
        16,
        24,
        32,
        40,
        48,
        56,
        64,
        72,
        80,
        88,
        96,
        104,
        112,
        120,
        128,
        136,
        144,
        152,
        160,
        168,
        176,
        184,
        192,
        200,
        208,
        216,
        224,
        232,
        240,
        248,
        256,
        264,
        272,
        280,
        288,
        296,
        304,
        312,
        320
    ],
    "trotter_ibm_results": [],
    "trotter_ibm_cnots": [],
    "cd_sim_results": [
        0.9999999999999996,
        0.9999999999999996,
        0.9999999999999996,
        0.9999999999999996,
        0.9999999999999996,
        0.9999999999999978,
        0.9999999999999996,
        0.9999999999999996,
        0.9999999999999996,
        0.9999999999999996,
        0.9999999999999996,
        0.9999999999999996,
        0.9999999999999996,
        0.9999999999999996,
        0.9999999999999996,
        0.9999999999999996,
        0.9999999999999996,
        0.9999999999999996,
        0.9999999999999996,
        0.9999999999999996,
        0.9999999999999996,
        0.9999999999999996,
        0.9999999999999996,
        0.9999999999999996,
        0.9999999999999996,
        0.9999999999999996,
        0.9999999999999996,
        0.9999999999999996,
        0.9999999999999996,
        0.9999999999999996,
        0.9999999999999988,
        0.9999999999999988,
        0.9999999999999996,
        0.9999999999999988,
        0.9999999999999988,
        0.9999999999999996,
        0.9999999999999996,
        0.9999999999999994,
        0.9999999999999996,
        0.9999999999999996,
        0.9999999999999996
    ],
    "cd_sim_cnots": [
        6,
        6,
        6,
        6,
        6,
        6,
        6,
        6,
        6,
        6,
        6,
        6,
        6,
        6,
        6,
        6,
        6,
        6,
        6,
        6,
        6,
        6,
        6,
        6,
        6,
        6,
        6,
        6,
        6,
        6,
        6,
        6,
        6,
        6,
        6,
        6,
        6,
        6,
        6,
        6,
        6
    ],
    "cd_aer_sim_results": [
        1.0,
        1.0,
        1.0,
        1.0,
        1.0,
        1.0,
        1.0,
        1.0,
        1.0,
        1.0,
        1.0,
        1.0,
        1.0,
        1.0,
        1.0,
        1.0,
        1.0,
        1.0,
        1.0,
        1.0,
        1.0,
        1.0,
        1.0,
        1.0,
        1.0,
        1.0,
        1.0,
        1.0,
        1.0,
        1.0,
        1.0,
        1.0,
        1.0,
        1.0,
        1.0,
        1.0,
        1.0,
        1.0,
        1.0,
        1.0,
        1.0
    ],
    "cd_aer_sim_cnots": [
        6,
        6,
        6,
        6,
        6,
        6,
        6,
        6,
        6,
        6,
        6,
        6,
        6,
        6,
        6,
        6,
        6,
        6,
        6,
        6,
        6,
        6,
        6,
        6,
        6,
        6,
        6,
        6,
        6,
        6,
        6,
        6,
        6,
        6,
        6,
        6,
        6,
        6,
        6,
        6,
        6
    ],
    "cd_ibm_results": [],
    "cd_ibm_cnots": []
}