{
    "trotter_sim_results": [
        1.0,
        0.981629829437594,
        0.9275728248207509,
        0.8409218497753805,
        0.7266106968292083,
        0.5910982147285744,
        0.44195618619875265,
        0.28738857573964827,
        0.1357143073012348,
        -0.0051519202111168115,
        -0.12818627358004808,
        -0.22767772472403647,
        -0.29955766286910973,
        -0.34161595353447305,
        -0.3535900459328644,
        -0.3371224462014144,
        -0.2955908786005009,
        -0.2338241319323719,
        -0.15772433885023093,
        -0.07382273070374092,
        0.011199679841233457,
        0.09099281157764118,
        0.1599860552595947,
        0.2137735048471648,
        0.24940932242763103,
        0.26559308854791286,
        0.262732781116782,
        0.24288165875408713,
        0.20955419945525605,
        0.1674347473284557,
        0.12200005968269392,
        0.07908300139287609,
        0.04440878354453811,
        0.023137100932079314,
        0.0194431517493746,
        0.03616784752206775,
        0.0745627261045757,
        0.13414849621402233,
        0.2126982232171543,
        0.30634746001758384,
        0.40982473605415254
    ],
    "trotter_sim_cnots": [
        0,
        16,
        32,
        48,
        64,
        80,
        96,
        112,
        128,
        144,
        160,
        176,
        192,
        208,
        224,
        240,
        256,
        272,
        288,
        304,
        320,
        336,
        352,
        368,
        384,
        400,
        416,
        432,
        448,
        464,
        480,
        496,
        512,
        528,
        544,
        560,
        576,
        592,
        608,
        624,
        640
    ],
    "trotter_aer_sim_results": [
        1.0,
        0.98515625,
        0.93046875,
        0.83046875,
        0.73046875,
        0.58359375,
        0.43828125,
        0.28359375,
        0.11015625,
        -0.0125,
        -0.1046875,
        -0.23125,
        -0.27265625,
        -0.34609375,
        -0.353125,
        -0.33125,
        -0.2625,
        -0.23515625,
        -0.17578125,
        -0.0703125,
        0.00234375,
        0.1015625,
        0.16171875,
        0.21875,
        0.2390625,
        0.26328125,
        0.2765625,
        0.23828125,
        0.2,
        0.17109375,
        0.140625,
        0.07890625,
        0.05859375,
        0.01796875,
        0.015625,
        0.03671875,
        0.0765625,
        0.13203125,
        0.225,
        0.31015625,
        0.41953125
    ],
    "trotter_aer_sim_cnots": [
        0,
        16,
        32,
        48,
        64,
        80,
        96,
        112,
        128,
        144,
        160,
        176,
        192,
        208,
        224,
        240,
        256,
        272,
        288,
        304,
        320,
        336,
        352,
        368,
        384,
        400,
        416,
        432,
        448,
        464,
        480,
        496,
        512,
        528,
        544,
        560,
        576,
        592,
        608,
        624,
        640
    ],
    "trotter_ibm_results": [
        1.0123091121735963,
        0.2667854748021702,
        0.09311647677229731,
        -0.01738296048973436,
        0.027543319215394053,
        -0.017634656354574833,
        -0.05952541704374396,
        -0.07605159591682409,
        -0.0727218442220132,
        -0.020611875332517036,
        -0.008731204372530083,
        0.013132512286644079,
        -0.018795752894264973,
        0.018918784794076444,
        -0.007204495315541295,
        -0.014532807447779728,
        -0.0006696264653771898,
        -0.013381673463856986,
        -0.004083017145027132,
        -0.033481245182584905,
        -0.03136542241891098,
        -0.000988973965288647,
        -0.02121961053863571,
        -0.022812209257212245,
        -0.018938635910621886,
        0.006063452839085206,
        -0.002918757364730795,
        -0.0012554686858945578,
        -0.014013014089072084,
        0.00020225841893306286,
        -0.010565002201449566,
        0.009023442218761894,
        -0.011881956777240294,
        -0.0078019696782765284,
        -0.022486683183198842,
        -0.03439052437807835,
        -0.020111065412580422,
        -0.007284370000524201,
        0.005343849069744358,
        -0.00035243390270496696,
        -0.01377743788798412
    ],
    "trotter_ibm_cnots": [
        0,
        16,
        32,
        48,
        64,
        80,
        96,
        112,
        128,
        144,
        160,
        176,
        192,
        208,
        224,
        240,
        256,
        272,
        288,
        304,
        320,
        336,
        352,
        368,
        384,
        400,
        416,
        432,
        448,
        464,
        480,
        496,
        512,
        528,
        544,
        560,
        576,
        592,
        608,
        624,
        640
    ],
    "cd_sim_results": [
        0.9999999999999998,
        -0.053658037599257205,
        0.11049620359371573,
        -0.07722738708111936,
        -0.07269509376131618,
        -0.04800876809866687,
        0.02590054862148704,
        0.15799679529831745,
        0.4501608894569932,
        0.10043925899007258,
        0.21953443362818628,
        0.2361014075751909,
        0.195673288705078,
        0.1365869829383725,
        0.08866034295537466,
        0.07201091028761415,
        0.1010941092643046,
        0.18861804564973114,
        0.3461879832396324,
        0.5805100875800309,
        0.2013897022677385,
        0.2012063028596464,
        0.200672628789159,
        0.19926545008520197,
        0.1956837496722384,
        0.18803198785329553,
        0.1753533321237965,
        0.15980928047859094,
        0.14651009779380558,
        0.1401816415461977,
        0.14294207445039325,
        0.7102255239433501,
        0.7592862361022131,
        0.7719506146953087,
        0.7758094502384936,
        0.7741008503318803,
        0.767772481009288,
        0.7567446430482703,
        0.7396531995126575,
        0.7088200910136029,
        0.6512338717427804
    ],
    "cd_sim_cnots": [
        20,
        20,
        20,
        20,
        20,
        20,
        20,
        20,
        20,
        20,
        20,
        20,
        20,
        20,
        20,
        20,
        20,
        20,
        20,
        20,
        20,
        20,
        20,
        20,
        20,
        20,
        20,
        20,
        20,
        20,
        20,
        20,
        20,
        20,
        20,
        20,
        20,
        20,
        20,
        20,
        20
    ],
    "cd_aer_sim_results": [
        1.0,
        -0.05234375,
        0.09296875,
        -0.05859375,
        -0.0890625,
        -0.05,
        0.02578125,
        0.1703125,
        0.4890625,
        0.1015625,
        0.22265625,
        0.2390625,
        0.190625,
        0.1421875,
        0.0890625,
        0.07890625,
        0.109375,
        0.18984375,
        0.34140625,
        0.56875,
        0.20234375,
        0.203125,
        0.20703125,
        0.1921875,
        0.18515625,
        0.1828125,
        0.18203125,
        0.14921875,
        0.13203125,
        0.1359375,
        0.14453125,
        0.70625,
        0.7578125,
        0.78046875,
        0.7546875,
        0.7671875,
        0.7890625,
        0.7546875,
        0.73671875,
        0.71171875,
        0.653125
    ],